mae,rmse,mape_pct
6339.411282315617,7310.139695659443,1.1484305740182208
